time,open,high,low,close,volume,bid,ask
2018-05-27 00:00:00,1297.48,1306.474,1289.318,1292.928,386589.0,1292.928,1292.928
2018-06-03 00:00:00,1293.33,1303.054,1289.85,1298.456,349545.0,1298.456,1298.456
2018-06-10 00:00:00,1298.637,1309.231,1275.39,1279.602,362042.0,1279.602,1279.602
2018-06-17 00:00:00,1279.739,1284.015,1261.332,1269.088,364622.0,1269.088,1269.088
2018-06-24 00:00:00,1271.095,1272.531,1245.91,1252.533,400143.0,1252.533,1252.533
2018-07-01 00:00:00,1253.02,1261.034,1237.914,1254.736,366082.0,1254.736,1254.736
2018-07-08 00:00:00,1255.83,1265.847,1236.388,1241.512,373418.0,1241.512,1241.512
2018-07-15 00:00:00,1241.63,1245.518,1211.435,1231.498,377814.0,1231.498,1231.498
2018-07-22 00:00:00,1231.819,1235.133,1217.538,1222.619,383130.0,1222.619,1222.619
2018-07-29 00:00:00,1223.091,1228.45,1204.451,1213.262,349454.0,1213.262,1213.262
2018-08-05 00:00:00,1213.69,1217.817,1205.726,1211.004,345643.0,1211.004,1211.004
2018-08-12 00:00:00,1212.46,1213.801,1160.182,1184.73,406753.0,1184.73,1184.73
2018-08-19 00:00:00,1183.23,1208.517,1182.868,1205.638,367321.0,1205.638,1205.638
2018-08-26 00:00:00,1206.47,1214.24,1196.244,1200.848,360609.0,1200.848,1200.848
2018-09-02 00:00:00,1199.64,1206.918,1189.626,1195.623,350716.0,1195.623,1195.623
2018-09-09 00:00:00,1195.01,1212.615,1187.715,1193.235,359263.0,1193.235,1193.235
2018-09-16 00:00:00,1194.16,1211.006,1191.846,1199.512,372157.0,1199.512,1199.512
2018-09-23 00:00:00,1197.68,1204.111,1180.744,1191.768,359702.0,1191.768,1191.768
2018-09-30 00:00:00,1191.41,1208.216,1184.552,1202.678,389426.0,1202.678,1202.678
2018-10-07 00:00:00,1203.12,1226.272,1182.418,1217.801,386000.0,1217.801,1217.801
2018-10-14 00:00:00,1218.857,1233.204,1218.669,1226.292,283799.0,1226.292,1226.292
2018-10-21 00:00:00,1228.066,1243.354,1220.088,1233.594,299372.0,1233.594,1233.594
2018-10-28 00:00:00,1233.097,1237.33,1211.958,1232.876,329334.0,1232.876,1232.876
2018-11-04 00:00:00,1233.117,1236.346,1206.739,1209.584,301982.0,1209.584,1209.584
2018-11-11 00:00:00,1209.544,1225.238,1196.294,1221.559,307632.0,1221.559,1221.559
2018-11-18 00:00:00,1221.955,1230.015,1218.009,1222.983,252395.0,1222.983,1222.983
2018-11-25 00:00:00,1223.581,1228.931,1211.169,1222.016,269355.0,1222.016,1222.016
2018-12-02 00:00:00,1223.023,1249.978,1221.28,1248.211,287866.0,1248.211,1248.211
2018-12-09 00:00:00,1250.26,1250.477,1232.889,1238.244,279931.0,1238.244,1238.244
2018-12-16 00:00:00,1237.299,1266.419,1235.793,1255.655,297883.0,1255.655,1255.655
2018-12-23 00:00:00,1258.6,1282.053,1257.98,1280.724,298490.0,1280.724,1280.724
2018-12-30 00:00:00,1280.074,1298.467,1276.643,1284.718,241571.0,1284.718,1284.718
2019-01-06 00:00:00,1285.549,1297.004,1279.375,1287.468,298547.0,1287.468,1287.468
2019-01-13 00:00:00,1288.078,1295.802,1280.615,1281.482,283144.0,1281.482,1281.482
2019-01-20 00:00:00,1282.538,1303.585,1276.77,1303.105,254402.0,1303.105,1303.105
2019-01-27 00:00:00,1302.403,1326.176,1297.679,1317.652,278364.0,1317.652,1317.652
2019-02-03 00:00:00,1317.638,1317.886,1302.797,1313.957,260905.0,1313.957,1313.957
2019-02-10 00:00:00,1313.52,1322.507,1302.365,1321.083,272076.0,1321.083,1321.083
2019-02-17 00:00:00,1320.975,1346.657,1320.583,1327.794,271188.0,1327.794,1327.794
2019-02-24 00:00:00,1327.607,1332.513,1290.161,1293.279,281493.0,1293.279,1293.279
2019-03-03 00:00:00,1295.386,1300.681,1280.832,1298.274,286110.0,1298.274,1298.274
2019-03-10 00:00:00,1296.869,1311.195,1290.453,1302.208,252437.0,1302.208,1302.208
2019-03-17 00:00:00,1302.109,1320.305,1298.185,1313.223,266492.0,1313.223,1313.223
2019-03-24 00:00:00,1313.47,1324.425,1286.575,1292.057,275342.0,1292.057,1292.057
2019-03-31 00:00:00,1292.237,1296.942,1280.894,1291.374,252308.0,1291.374,1291.374
2019-04-07 00:00:00,1292.246,1310.529,1289.673,1290.433,243801.0,1290.433,1290.433
2019-04-14 00:00:00,1291.299,1291.907,1271.069,1275.593,195160.0,1275.593,1275.593
2019-04-21 00:00:00,1276.818,1288.629,1266.285,1285.879,260725.0,1285.879,1285.879
2019-04-28 00:00:00,1285.979,1287.164,1266.24,1278.982,233175.0,1278.982,1278.982
2019-05-05 00:00:00,1282.584,1291.395,1276.985,1285.684,266421.0,1285.684,1285.684
2019-05-12 00:00:00,1287.211,1303.24,1274.87,1277.647,242491.0,1277.647,1277.647
2019-05-19 00:00:00,1278.353,1287.194,1269.472,1284.805,224537.0,1284.805,1284.805
2019-05-26 00:00:00,1285.418,1306.834,1274.984,1305.484,231921.0,1305.484,1305.484
2019-06-02 00:00:00,1306.676,1348.18,1306.44,1340.699,291600.0,1340.699,1340.699
2019-06-09 00:00:00,1334.672,1358.042,1319.857,1341.217,274195.0,1341.217,1341.217
2019-06-16 00:00:00,1341.811,1411.56,1332.97,1399.452,345133.0,1399.452,1399.452
2019-06-23 00:00:00,1400.407,1439.001,1398.53,1409.677,381868.0,1409.677,1409.677
2019-06-30 00:00:00,1393.072,1437.668,1381.774,1398.739,346203.0,1398.739,1398.739
2019-07-07 00:00:00,1399.279,1427.032,1385.732,1415.346,319933.0,1415.346,1415.346
2019-07-14 00:00:00,1416.621,1452.884,1400.082,1425.402,325535.0,1425.402,1425.402
2019-07-21 00:00:00,1426.629,1433.723,1411.072,1418.343,286784.0,1418.343,1418.343
2019-07-28 00:00:00,1420.739,1447.895,1400.49,1440.772,314755.0,1440.772,1440.772
2019-08-04 00:00:00,1440.304,1510.312,1436.728,1497.137,390394.0,1497.137,1497.137
2019-08-11 00:00:00,1496.193,1534.92,1479.833,1512.967,396297.0,1512.967,1512.967
2019-08-18 00:00:00,1509.674,1530.178,1492.448,1526.632,278452.0,1526.632,1526.632
2019-08-25 00:00:00,1546.31,1554.998,1517.002,1520.228,344161.0,1520.228,1520.228
2019-09-01 00:00:00,1529.531,1556.943,1502.426,1506.738,331647.0,1506.738,1506.738
2019-09-08 00:00:00,1505.025,1524.109,1484.457,1488.691,322555.0,1488.691,1488.691
2019-09-15 00:00:00,1500.594,1516.923,1483.001,1516.302,327287.0,1516.302,1516.302
2019-09-22 00:00:00,1512.856,1535.578,1486.852,1496.761,348401.0,1496.761,1496.761
2019-09-29 00:00:00,1496.467,1519.49,1459.052,1504.414,374949.0,1504.414,1504.414
2019-10-06 00:00:00,1508.319,1516.982,1473.972,1488.118,363632.0,1488.118,1488.118
2019-10-13 00:00:00,1486.82,1498.345,1477.01,1490.403,294551.0,1490.403,1490.403
2019-10-20 00:00:00,1491.988,1517.861,1480.846,1504.378,268227.0,1504.378,1504.378
2019-10-27 00:00:00,1502.711,1515.894,1481.144,1514.124,283104.0,1514.124,1514.124
2019-11-03 00:00:00,1512.838,1514.707,1456.2,1458.943,297433.0,1458.943,1458.943
2019-11-10 00:00:00,1460.307,1474.549,1445.578,1467.719,284322.0,1467.719,1467.719
2019-11-17 00:00:00,1467.963,1478.743,1456.334,1461.986,288750.0,1461.986,1461.986
2019-11-24 00:00:00,1460.59,1466.444,1449.895,1463.914,223812.0,1463.914,1463.914
2019-12-01 00:00:00,1462.603,1483.956,1453.917,1459.856,289278.0,1459.856,1459.856
2019-12-08 00:00:00,1458.717,1486.641,1458.71,1475.616,277419.0,1475.616,1475.616
2019-12-15 00:00:00,1474.939,1481.614,1470.436,1477.897,230641.0,1477.897,1477.897
2019-12-22 00:00:00,1477.946,1515.222,1477.448,1510.913,200297.0,1510.913,1510.913
2019-12-29 00:00:00,1511.309,1553.419,1510.741,1551.883,253128.0,1551.883,1551.883
2020-01-05 00:00:00,1576.329,1611.365,1540.211,1561.958,388921.0,1561.958,1561.958
2020-01-12 00:00:00,1559.714,1561.156,1535.834,1557.33,289226.0,1557.33,1557.33
2020-01-19 00:00:00,1558.947,1575.728,1546.314,1571.333,267859.0,1571.333,1571.333
2020-01-26 00:00:00,1581.234,1590.317,1563.318,1588.804,313683.0,1588.804,1588.804
2020-02-02 00:00:00,1588.544,1592.017,1547.479,1570.145,305418.0,1570.145,1570.145
2020-02-09 00:00:00,1569.258,1584.899,1561.82,1583.991,262071.0,1583.991,1583.991
2020-02-16 00:00:00,1581.444,1649.102,1578.824,1643.319,273871.0,1643.319,1643.319
2020-02-23 00:00:00,1659.76,1689.213,1562.889,1586.023,536327.0,1586.023,1586.023
2020-03-01 00:00:00,1582.112,1691.979,1575.451,1674.32,526139.0,1674.32,1674.32
2020-03-08 00:00:00,1696.28,1703.179,1504.669,1529.245,766554.0,1529.245,1529.245
2020-03-15 00:00:00,1551.879,1575.37,1451.281,1498.718,984668.0,1498.718,1498.718
2020-03-22 00:00:00,1502.2,1641.8,1482.773,1622.911,401679.0,1622.911,1622.911
2020-03-29 00:00:00,1628.767,1630.463,1569.183,1615.567,297956.0,1615.567,1615.567
2020-04-05 00:00:00,1613.913,1689.431,1607.546,1682.944,251116.0,1682.944,1682.944
2020-04-12 00:00:00,1684.492,1746.579,1679.135,1683.655,477517.0,1683.655,1683.655
2020-04-19 00:00:00,1682.777,1738.308,1660.127,1727.93,576774.0,1727.93,1727.93
2020-04-26 00:00:00,1721.908,1726.275,1670.131,1700.028,569555.0,1700.028,1700.028
2020-05-03 00:00:00,1698.504,1722.819,1681.89,1702.329,460226.0,1702.329,1702.329
2020-05-10 00:00:00,1702.072,1750.93,1686.864,1741.974,439925.0,1741.974,1741.974
2020-05-17 00:00:00,1747.441,1764.715,1716.751,1734.06,429334.0,1734.06,1734.06
2020-05-24 00:00:00,1731.595,1737.277,1693.423,1729.475,375723.0,1729.475,1729.475
2020-05-31 00:00:00,1733.361,1744.836,1670.51,1685.512,473356.0,1685.512,1685.512
2020-06-07 00:00:00,1681.207,1744.536,1677.301,1730.552,451023.0,1730.552,1730.552
2020-06-14 00:00:00,1730.841,1745.142,1703.902,1743.537,434918.0,1743.537,1743.537
2020-06-21 00:00:00,1746.411,1779.247,1742.326,1771.28,469233.0,1771.28,1771.28
2020-06-28 00:00:00,1770.599,1789.089,1757.464,1775.703,384143.0,1775.703,1775.703
2020-07-05 00:00:00,1773.537,1817.833,1769.855,1798.621,407809.0,1798.621,1798.621
2020-07-12 00:00:00,1799.343,1814.553,1790.404,1809.765,388559.0,1809.765,1809.765
2020-07-19 00:00:00,1808.109,1906.4,1805.658,1901.143,472350.0,1901.143,1901.143
2020-07-26 00:00:00,1902.646,1982.318,1902.646,1974.958,624254.0,1974.958,1974.958
2020-08-02 00:00:00,1982.988,2073.682,1960.418,2034.818,614701.0,2034.818,2034.818
2020-08-09 00:00:00,2026.671,2049.797,1863.593,1944.376,856032.0,1944.376,1944.376
2020-08-16 00:00:00,1944.835,2015.39,1911.464,1940.113,752708.0,1940.113,1940.113
2020-08-23 00:00:00,1936.426,1976.439,1902.613,1964.591,623395.0,1964.591,1964.591
2020-08-30 00:00:00,1968.915,1992.297,1916.114,1933.518,684771.0,1933.518,1933.518
2020-09-06 00:00:00,1932.511,1966.486,1906.368,1939.938,491369.0,1939.938,1939.938
2020-09-13 00:00:00,1937.168,1973.421,1932.831,1950.013,398689.0,1950.013,1950.013
2020-09-20 00:00:00,1949.641,1955.412,1848.076,1861.155,549888.0,1861.155,1861.155
2020-09-27 00:00:00,1862.899,1916.982,1848.204,1898.723,470849.0,1898.723,1898.723
2020-10-04 00:00:00,1903.345,1930.444,1872.69,1930.147,423918.0,1930.147,1930.147
2020-10-11 00:00:00,1926.646,1933.178,1882.401,1898.825,439488.0,1898.825,1898.825
2020-10-18 00:00:00,1899.865,1931.281,1893.928,1901.602,401586.0,1901.602,1901.602
2020-10-25 00:00:00,1901.513,1911.271,1859.815,1878.858,431785.0,1878.858,1878.858
2020-11-01 00:00:00,1879.301,1960.238,1873.364,1951.855,483740.0,1951.855,1951.855
2020-11-08 00:00:00,1957.117,1965.419,1850.423,1889.358,481925.0,1889.358,1889.358
2020-11-15 00:00:00,1887.92,1899.0,1852.547,1870.923,393196.0,1870.923,1870.923
2020-11-22 00:00:00,1870.778,1875.988,1774.248,1786.899,382750.0,1786.899,1786.899
2020-11-29 00:00:00,1789.439,1848.052,1764.16,1839.01,416150.0,1839.01,1839.01
2020-12-06 00:00:00,1836.608,1875.208,1822.532,1839.55,419664.0,1839.55,1839.55
2020-12-13 00:00:00,1837.111,1896.101,1818.532,1881.271,415131.0,1881.271,1881.271
2020-12-20 00:00:00,1882.823,1906.667,1854.984,1879.016,374233.0,1879.016,1879.016
2020-12-27 00:00:00,1888.893,1900.29,1869.025,1894.387,311452.0,1894.387,1894.387
2021-01-03 00:00:00,1909.308,1959.29,1828.156,1849.37,570759.0,1849.37,1849.37
2021-01-10 00:00:00,1855.038,1863.726,1816.935,1826.975,512801.0,1826.975,1826.975
2021-01-17 00:00:00,1827.947,1874.996,1802.438,1855.732,424453.0,1855.732,1855.732
2021-01-24 00:00:00,1858.206,1875.519,1831.211,1847.839,489071.0,1847.839,1847.839
2021-01-31 00:00:00,1855.282,1871.716,1784.866,1814.135,525526.0,1814.135,1814.135
2021-02-07 00:00:00,1817.259,1855.299,1807.705,1824.229,407236.0,1824.229,1824.229
2021-02-14 00:00:00,1824.898,1826.927,1760.626,1784.049,459008.0,1784.049,1784.049
2021-02-21 00:00:00,1786.332,1815.906,1717.03,1734.649,637409.0,1734.649,1734.649
2021-02-28 00:00:00,1737.958,1759.715,1687.18,1700.836,752249.0,1700.836,1700.836
2021-03-07 00:00:00,1706.301,1739.804,1676.627,1726.749,621314.0,1726.749,1726.749
2021-03-14 00:00:00,1728.251,1755.478,1719.08,1745.127,591712.0,1745.127,1745.127
2021-03-21 00:00:00,1743.714,1745.401,1721.448,1732.329,508872.0,1732.329,1732.329
2021-03-28 00:00:00,1731.377,1732.835,1677.769,1729.75,426502.0,1729.75,1729.75
2021-04-04 00:00:00,1728.462,1758.645,1721.285,1743.842,497571.0,1743.842,1743.842
2021-04-11 00:00:00,1742.481,1783.789,1723.591,1776.523,538174.0,1776.523,1776.523
2021-04-18 00:00:00,1775.64,1797.756,1763.547,1777.023,523245.0,1777.023,1777.023
2021-04-25 00:00:00,1775.596,1789.896,1755.874,1768.776,521247.0,1768.776,1768.776
2021-05-02 00:00:00,1767.058,1843.262,1766.046,1830.979,504736.0,1830.979,1830.979
2021-05-09 00:00:00,1832.896,1845.923,1808.675,1843.486,500555.0,1843.486,1843.486
2021-05-16 00:00:00,1843.784,1889.986,1843.54,1881.659,455352.0,1881.659,1881.659
2021-05-23 00:00:00,1880.985,1912.616,1872.613,1903.706,408070.0,1903.706,1903.706
2021-05-30 00:00:00,1903.805,1916.446,1855.573,1891.138,378360.0,1891.138,1891.138
2021-06-06 00:00:00,1889.994,1903.673,1869.798,1877.401,385927.0,1877.401,1877.401
2021-06-13 00:00:00,1876.16,1877.608,1760.86,1764.562,546623.0,1764.562,1764.562
2021-06-20 00:00:00,1768.728,1794.85,1766.41,1781.361,503879.0,1781.361,1781.361
2021-06-27 00:00:00,1781.264,1794.983,1750.621,1787.446,492067.0,1787.446,1787.446
2021-07-04 00:00:00,1787.277,1818.312,1784.426,1808.222,392966.0,1808.222,1808.222
2021-07-11 00:00:00,1808.049,1834.039,1791.409,1812.007,383401.0,1812.007,1812.007
2021-07-18 00:00:00,1811.224,1824.88,1789.193,1802.126,384525.0,1802.126,1802.126
2021-07-25 00:00:00,1802.274,1832.548,1792.394,1813.934,345528.0,1813.934,1813.934
2021-08-01 00:00:00,1814.431,1831.657,1758.355,1763.819,339501.0,1763.819,1763.819
2021-08-08 00:00:00,1761.426,1779.901,1686.784,1779.509,569110.0,1779.509,1779.509
2021-08-15 00:00:00,1779.017,1795.519,1770.84,1781.235,372086.0,1781.235,1781.235
2021-08-22 00:00:00,1781.378,1819.125,1776.413,1816.778,336927.0,1816.778,1816.778
2021-08-29 00:00:00,1817.936,1833.859,1801.544,1827.573,302565.0,1827.573,1827.573
2021-09-05 00:00:00,1828.089,1830.149,1782.3,1787.614,314938.0,1787.614,1787.614
2021-09-12 00:00:00,1787.288,1808.59,1745.019,1754.536,397713.0,1754.536,1754.536
2021-09-19 00:00:00,1754.698,1787.164,1737.392,1750.494,453587.0,1750.494,1750.494
2021-09-26 00:00:00,1750.033,1764.191,1721.571,1760.453,485425.0,1760.453,1760.453
2021-10-03 00:00:00,1760.954,1781.292,1745.822,1757.212,455409.0,1757.212,1757.212
2021-10-10 00:00:00,1757.272,1800.406,1750.128,1767.427,396511.0,1767.427,1767.427
2021-10-17 00:00:00,1766.961,1813.56,1760.276,1792.853,430872.0,1792.853,1792.853
2021-10-24 00:00:00,1792.926,1810.38,1771.896,1783.296,454034.0,1783.296,1783.496
2021-10-31 00:00:00,1783.269,1818.269,1758.534,1818.124,458147.0,1818.124,1818.324
2021-11-07 00:00:00,1815.75,1868.574,1812.403,1864.361,453781.0,1864.361,1864.5610000000001
2021-11-14 00:00:00,1866.804,1877.067,1842.815,1846.196,443190.0,1846.196,1846.396
2021-11-21 00:00:00,1842.207,1849.046,1778.15,1787.433,480230.0,1787.433,1787.433
2021-11-28 00:00:00,1788.597,1808.561,1761.841,1783.414,580287.0,1783.414,1783.614
2021-12-05 00:00:00,1782.102,1793.061,1769.919,1782.805,387202.0,1782.805,1783.005
2021-12-12 00:00:00,1782.732,1814.191,1753.053,1798.064,401953.0,1798.064,1798.2640000000001
2021-12-19 00:00:00,1800.61,1810.687,1784.568,1808.451,261979.0,1808.451,1808.651
2021-12-26 00:00:00,1806.207,1828.722,1789.212,1827.615,298607.0,1827.615,1827.815
2022-01-02 00:00:00,1830.615,1831.73,1782.289,1796.899,420494.0,1796.899,1797.099
2022-01-09 00:00:00,1794.898,1829.045,1790.033,1817.639,382028.0,1817.639,1817.639
2022-01-16 00:00:00,1817.663,1847.646,1805.622,1834.664,385673.0,1834.664,1834.864
2022-01-23 00:00:00,1833.144,1853.785,1779.895,1791.634,494796.0,1791.634,1791.834
2022-01-30 00:00:00,1789.345,1814.862,1785.425,1807.732,421162.0,1807.732,1807.732
2022-02-06 00:00:00,1808.436,1865.332,1807.877,1858.955,440578.0,1858.955,1858.955
2022-02-13 00:00:00,1855.608,1902.395,1844.081,1897.807,509777.0,1897.807,1897.807
2022-02-20 00:00:00,1903.076,1974.331,1877.772,1889.003,665313.0,1889.003,1889.203
2022-02-27 00:00:00,1921.032,1970.844,1890.826,1970.317,724549.0,1970.317,1970.317
2022-03-06 00:00:00,1981.416,2070.292,1958.306,1988.147,1182743.0,1988.147,1988.147
2022-03-13 00:00:00,1980.342,1983.847,1894.75,1921.271,678353.0,1921.271,1921.271
2022-03-20 00:00:00,1925.067,1966.151,1910.378,1958.243,517195.0,1958.243,1958.443
2022-03-27 00:00:00,1955.588,1958.405,1889.783,1924.495,598771.0,1924.495,1924.695
2022-04-03 00:00:00,1924.641,1948.146,1914.838,1947.868,522949.0,1947.868,1948.068
2022-04-10 00:00:00,1948.292,1981.532,1939.975,1973.111,424944.0,1973.111,1973.3110000000001
2022-04-17 00:00:00,1972.91,1998.024,1926.197,1931.5,565131.0,1931.5,1931.7
2022-04-24 00:00:00,1932.305,1934.435,1871.981,1896.72,621986.0,1896.72,1896.92
2022-05-01 00:00:00,1899.389,1909.551,1850.192,1883.631,587870.0,1883.631,1883.8310000000001
2022-05-08 00:00:00,1883.561,1885.697,1798.81,1811.491,618387.0,1811.491,1811.691
2022-05-15 00:00:00,1813.943,1849.365,1786.381,1846.487,516214.0,1846.487,1846.6870000000001
2022-05-22 00:00:00,1849.009,1869.656,1840.804,1853.024,415660.0,1853.024,1853.224
2022-05-29 00:00:00,1852.618,1873.967,1828.429,1850.96,406247.0,1850.96,1851.16
2022-06-05 00:00:00,1850.955,1875.847,1825.082,1871.532,427355.0,1871.532,1871.732
2022-06-12 00:00:00,1878.07,1878.832,1805.064,1840.248,658142.0,1840.248,1840.448
2022-06-19 00:00:00,1836.197,1847.815,1816.879,1827.1,458885.0,1827.1,1827.3
2022-06-26 00:00:00,1836.268,1840.818,1784.473,1809.341,476879.0,1809.341,1809.541
2022-07-03 00:00:00,1810.342,1814.091,1732.221,1742.249,477263.0,1742.249,1742.449
2022-07-10 00:00:00,1741.088,1745.318,1697.565,1707.44,535865.0,1707.44,1707.64
2022-07-17 00:00:00,1706.571,1739.179,1680.811,1727.469,466532.0,1727.469,1727.669
2022-07-24 00:00:00,1726.25,1767.905,1711.358,1766.178,469820.0,1766.178,1766.3780000000002
2022-07-31 00:00:00,1765.356,1794.882,1754.321,1775.628,482206.0,1775.628,1775.828
2022-08-07 00:00:00,1773.369,1807.831,1771.119,1801.884,399826.0,1801.884,1801.884
2022-08-14 00:00:00,1801.523,1801.765,1745.49,1747.376,410210.0,1747.376,1747.576
2022-08-21 00:00:00,1745.586,1765.437,1727.749,1737.998,431579.0,1737.998,1738.198
2022-08-28 00:00:00,1734.774,1745.407,1688.723,1712.532,462217.0,1712.532,1712.732
2022-09-04 00:00:00,1711.024,1729.336,1691.358,1717.186,439140.0,1717.186,1717.386
2022-09-11 00:00:00,1718.402,1735.081,1654.095,1675.286,509375.0,1675.286,1675.486
2022-09-18 00:00:00,1674.412,1687.883,1639.714,1643.877,574535.0,1643.877,1644.077
2022-09-25 00:00:00,1643.172,1675.424,1614.427,1660.963,672149.0,1660.963,1661.163
2022-10-02 00:00:00,1664.009,1729.469,1659.578,1695.001,594383.0,1695.001,1695.201
2022-10-09 00:00:00,1696.236,1699.857,1640.123,1644.267,625604.0,1644.267,1644.467
2022-10-16 00:00:00,1646.163,1668.339,1616.886,1657.806,572417.0,1657.806,1658.006
2022-10-23 00:00:00,1659.975,1674.834,1637.811,1644.448,595342.0,1644.448,1644.6480000000001
2022-10-30 00:00:00,1643.727,1681.665,1616.624,1680.966,586081.0,1680.966,1681.166
2022-11-06 00:00:00,1675.168,1772.822,1664.487,1770.992,626235.0,1770.992,1771.192
2022-11-13 00:00:00,1763.488,1786.472,1747.487,1750.852,599737.0,1750.852,1751.0520000000001
2022-11-20 00:00:00,1751.196,1761.12,1726.349,1755.969,436470.0,1755.969,1755.969
2022-11-27 00:00:00,1753.479,1804.439,1739.601,1797.945,563785.0,1797.945,1798.145
2022-12-04 00:00:00,1795.131,1809.886,1765.756,1797.455,498491.0,1797.455,1797.655
2022-12-11 00:00:00,1795.942,1824.45,1773.434,1793.062,563670.0,1793.062,1793.262
2022-12-18 00:00:00,1792.453,1823.76,1783.783,1798.469,485682.0,1798.469,1798.669
2022-12-25 00:00:00,1799.575,1832.979,1796.946,1823.51,351948.0,1823.51,1823.71
2023-01-01 00:00:00,1825.968,1869.783,1823.998,1865.989,486113.0,1865.989,1866.189
2023-01-08 00:00:00,1866.736,1921.854,1866.716,1920.251,561149.0,1920.251,1920.451
2023-01-15 00:00:00,1919.066,1937.383,1896.559,1925.916,515903.0,1925.916,1926.116
2023-01-22 00:00:00,1924.243,1949.116,1911.296,1928.265,522267.0,1928.265,1928.4650000000001
2023-01-29 00:00:00,1926.737,1959.639,1861.424,1865.805,644515.0,1865.805,1865.805
2023-02-05 00:00:00,1864.169,1890.02,1852.744,1865.314,585985.0,1865.314,1865.5140000000001
2023-02-12 00:00:00,1863.97,1870.282,1818.861,1842.499,591465.0,1842.499,1842.699
2023-02-19 00:00:00,1841.163,1847.39,1808.912,1810.778,454721.0,1810.778,1810.978
2023-02-26 00:00:00,1811.891,1856.278,1804.363,1855.265,476601.0,1855.265,1855.4650000000001
2023-03-05 00:00:00,1853.694,1870.031,1809.372,1867.109,525488.0,1867.109,1867.309
2023-03-12 00:00:00,1883.238,1988.311,1871.496,1988.129,887899.0,1988.129,1988.329
2023-03-19 00:00:00,1985.925,2009.668,1934.107,1978.777,822428.0,1978.777,1978.977
2023-03-26 00:00:00,1976.4,1987.544,1943.944,1969.376,532083.0,1969.376,1969.576
2023-04-02 00:00:00,1966.275,2032.046,1949.542,2007.761,459151.0,2007.761,2007.961
2023-04-09 00:00:00,1997.006,2048.597,1981.436,2004.252,550617.0,2004.252,2004.452
2023-04-16 00:00:00,2001.207,2014.998,1969.176,1982.886,553042.0,1982.886,1983.086
2023-04-23 00:00:00,1982.082,2009.322,1974.016,1989.376,599014.0,1989.376,1989.576
2023-04-30 00:00:00,1989.602,2079.817,1977.054,2016.65,689407.0,2016.65,2016.8500000000001
2023-05-07 00:00:00,2016.428,2047.995,2000.895,2010.912,545487.0,2010.912,2011.112
2023-05-14 00:00:00,2008.664,2022.083,1951.937,1977.703,511273.0,1977.703,1977.903
2023-05-21 00:00:00,1978.005,1985.015,1936.576,1946.834,549090.0,1946.834,1947.034
2023-05-28 00:00:00,1943.265,1983.374,1932.042,1947.992,483402.0,1947.992,1948.192
2023-06-04 00:00:00,1947.366,1972.771,1938.048,1960.64,466921.0,1960.64,1960.8400000000001
2023-06-11 00:00:00,1959.592,1970.589,1924.838,1957.441,520256.0,1957.441,1957.641
2023-06-18 00:00:00,1958.5,1958.711,1910.091,1921.192,461640.0,1921.192,1921.392
2023-06-25 00:00:00,1922.951,1933.28,1892.839,1919.333,459043.0,1919.333,1919.5330000000001
2023-07-02 00:00:00,1918.552,1934.845,1902.568,1925.339,420382.0,1925.339,1925.539
2023-07-09 00:00:00,1925.288,1963.671,1912.299,1955.223,448416.0,1955.223,1955.423
2023-07-16 00:00:00,1954.975,1987.421,1945.553,1961.851,444157.0,1961.851,1962.0510000000002
2023-07-23 00:00:00,1962.228,1982.133,1942.018,1959.184,480347.0,1959.184,1959.384
2023-07-30 00:00:00,1959.875,1972.326,1925.071,1942.483,449377.0,1942.483,1942.683
2023-08-06 00:00:00,1942.56,1946.648,1910.694,1913.786,406875.0,1913.786,1913.986
2023-08-13 00:00:00,1913.666,1916.156,1884.996,1889.529,402351.0,1889.529,1889.729
2023-08-20 00:00:00,1889.357,1923.056,1884.547,1914.321,395008.0,1914.321,1914.521
2023-08-27 00:00:00,1915.974,1952.331,1912.694,1939.704,365880.0,1939.704,1939.904
2023-09-03 00:00:00,1939.987,1946.232,1915.153,1918.973,324894.0,1918.973,1919.173
2023-09-10 00:00:00,1919.621,1930.44,1900.918,1923.831,381739.0,1923.831,1924.031
2023-09-17 00:00:00,1924.077,1947.361,1913.641,1925.231,363453.0,1925.231,1925.431
2023-09-24 00:00:00,1926.116,1927.147,1846.282,1848.796,398846.0,1848.796,1848.996
2023-10-01 00:00:00,1847.284,1848.885,1810.402,1831.9,493234.0,1831.9,1832.1000000000001
2023-10-08 00:00:00,1853.39,1932.593,1844.161,1932.217,458092.0,1932.217,1932.4170000000001
2023-10-15 00:00:00,1927.521,1997.135,1908.144,1980.769,527207.0,1980.769,1980.969
2023-10-22 00:00:00,1972.732,2009.356,1953.409,2006.083,521567.0,2006.083,2006.2830000000001
2023-10-29 00:00:00,2002.989,2007.849,1969.823,1992.516,494393.0,1992.516,1992.7160000000001
2023-11-05 00:00:00,1991.419,1993.042,1932.898,1938.353,446768.0,1938.353,1938.553
2023-11-12 00:00:00,1941.002,1993.409,1921.384,1980.635,434850.0,1980.635,1980.834
2023-11-19 00:00:00,1977.456,2007.488,1965.416,2002.19,421038.0,2002.19,2002.3890000000001
2023-11-26 00:00:00,2000.897,2075.271,2000.484,2071.554,515134.0,2071.554,2071.753
2023-12-03 00:00:00,2074.106,2144.465,1994.518,2004.34,688124.0,2004.34,2004.539
2023-12-10 00:00:00,2005.584,2047.909,1973.033,2019.491,598242.0,2019.491,2019.69
2023-12-17 00:00:00,2019.802,2070.611,2015.895,2053.095,498852.0,2053.095,2053.294
2023-12-24 00:00:00,2057.746,2088.485,2052.916,2062.838,343862.0,2062.838,2063.0370000000003
2023-12-31 00:00:00,2064.593,2078.877,2024.317,2045.479,459414.0,2045.479,2045.678
2024-01-07 00:00:00,2044.595,2062.267,2013.209,2049.032,586771.0,2049.032,2049.231
2024-01-14 00:00:00,2048.13,2058.626,2001.739,2029.452,516878.0,2029.452,2029.651
2024-01-21 00:00:00,2028.529,2037.908,2009.497,2018.469,482741.0,2018.469,2018.6680000000001
2024-01-28 00:00:00,2023.424,2065.458,2019.282,2039.607,549267.0,2039.607,2039.806
2024-02-04 00:00:00,2041.781,2044.527,2014.811,2024.24,447317.0,2024.24,2024.439
2024-02-11 00:00:00,2026.346,2032.196,1984.158,2013.269,447928.0,2013.269,2013.468
2024-02-18 00:00:00,2012.706,2041.344,1997.784,2035.524,404442.0,2035.524,2035.723
2024-02-25 00:00:00,2033.24,2088.31,2024.476,2083.315,423488.0,2083.315,2083.514
2024-03-03 00:00:00,2082.522,2195.146,2079.411,2178.502,606996.0,2178.502,2178.701
2024-03-10 00:00:00,2179.559,2189.012,2150.467,2155.697,542247.0,2155.697,2155.896
2024-03-17 00:00:00,2153.279,2212.563,2146.028,2165.338,579127.0,2165.338,2165.5370000000003
2024-03-24 00:00:00,2166.313,2236.293,2163.415,2232.587,449188.0,2232.587,2232.786
2024-03-31 00:00:00,2239.644,2330.526,2228.473,2329.355,761367.0,2329.355,2329.554
2024-04-07 00:00:00,2327.315,2431.528,2302.862,2344.382,1147603.0,2344.382,2344.581
2024-04-14 00:00:00,2369.105,2417.894,2324.099,2390.677,1118329.0,2390.677,2390.876
2024-04-21 00:00:00,2384.011,2388.595,2291.332,2337.792,888343.0,2337.792,2337.991
2024-04-28 00:00:00,2333.884,2346.709,2277.074,2301.627,813738.0,2301.627,2301.826
2024-05-05 00:00:00,2302.321,2378.476,2291.767,2360.449,676644.0,2360.449,2360.648
2024-05-12 00:00:00,2361.401,2422.733,2332.029,2413.933,702276.0,2413.933,2414.132
2024-05-19 00:00:00,2425.201,2450.026,2325.351,2333.781,873843.0,2333.781,2333.98
2024-05-26 00:00:00,2335.785,2364.109,2320.526,2327.191,688596.0,2327.191,2327.39
2024-06-02 00:00:00,2328.496,2387.697,2286.723,2293.799,769546.0,2293.799,2293.998
2024-06-09 00:00:00,2290.431,2341.627,2287.71,2332.824,705711.0,2332.824,2333.023
2024-06-16 00:00:00,2331.087,2368.732,2306.502,2321.503,571409.0,2321.503,2321.702
2024-06-23 00:00:00,2321.11,2339.809,2293.524,2326.638,594204.0,2326.638,2326.837
2024-06-30 00:00:00,2322.849,2392.927,2318.446,2391.557,549398.0,2391.557,2391.756
2024-07-07 00:00:00,2389.586,2424.538,2349.327,2411.399,630375.0,2411.399,2411.598
2024-07-14 00:00:00,2411.619,2483.757,2393.727,2400.451,784173.0,2400.451,2400.613
2024-07-21 00:00:00,2403.68,2431.954,2353.086,2387.114,791280.0,2387.114,2387.293
2024-07-28 00:00:00,2387.944,2477.704,2369.495,2441.892,951873.0,2441.892,2442.071
2024-08-04 00:00:00,2441.02,2458.836,2364.245,2430.805,1121164.0,2430.805,2430.984
2024-08-11 00:00:00,2428.332,2509.766,2423.825,2507.82,857798.0,2507.82,2507.989
2024-08-18 00:00:00,2506.461,2531.668,2470.8,2512.357,795101.0,2512.357,2512.536
2024-08-25 00:00:00,2512.067,2529.041,2493.498,2503.342,786430.0,2503.342,2503.501
2024-09-01 00:00:00,2502.485,2529.225,2471.86,2497.54,865534.0,2497.54,2497.699
2024-09-08 00:00:00,2497.037,2586.12,2485.503,2579.067,875728.0,2579.067,2579.226
2024-09-15 00:00:00,2578.456,2625.754,2546.828,2622.098,960157.0,2622.098,2622.257
2024-09-22 00:00:00,2620.944,2685.611,2613.799,2657.983,990750.0,2657.983,2658.1420000000003
2024-09-29 00:00:00,2661.714,2673.222,2624.679,2653.519,973872.0,2653.519,2653.678
2024-10-06 00:00:00,2651.575,2661.462,2602.164,2656.864,947582.0,2656.864,2657.023
2024-10-13 00:00:00,2650.086,2722.633,2637.975,2721.778,889910.0,2721.778,2721.937
2024-10-20 00:00:00,2723.092,2758.508,2708.63,2747.023,938992.0,2747.023,2747.1820000000002
2024-10-27 00:00:00,2733.443,2790.075,2724.631,2736.69,912225.0,2736.69,2736.849
2024-11-03 00:00:00,2732.846,2749.96,2643.208,2684.758,1138881.0,2684.758,2684.917
2024-11-10 00:00:00,2683.161,2686.141,2536.747,2562.969,1121741.0,2562.969,2563.128
2024-11-17 00:00:00,2568.027,2715.658,2568.027,2715.573,962995.0,2715.573,2715.732
2024-11-24 00:00:00,2711.186,2721.437,2605.112,2655.23,1024143.0,2655.23,2655.389
2024-12-01 00:00:00,2649.036,2657.147,2612.931,2632.88,982423.0,2632.88,2633.039
2024-12-08 00:00:00,2642.961,2726.206,2627.461,2648.392,715150.0,2648.392,2648.537
2024-12-15 00:00:00,2649.414,2664.447,2583.393,2622.643,854132.0,2622.643,2622.707
2024-12-22 00:00:00,2623.329,2639.177,2608.079,2621.623,482871.0,2621.623,2621.687
2024-12-29 00:00:00,2621.977,2665.253,2596.074,2640.37,565638.0,2640.37,2640.529
2025-01-05 00:00:00,2639.644,2698.026,2614.436,2689.551,941259.0,2689.551,2689.71
2025-01-12 00:00:00,2689.769,2724.714,2656.768,2702.879,1100266.0,2702.879,2703.038
2025-01-19 00:00:00,2702.629,2786.013,2689.367,2771.079,996252.0,2771.079,2771.2380000000003
2025-01-26 00:00:00,2765.65,2817.244,2730.452,2799.348,1249083.0,2799.348,2799.507
2025-02-02 00:00:00,2801.018,2886.747,2772.115,2861.006,1599665.0,2861.006,2861.165
2025-02-09 00:00:00,2861.269,2942.682,2860.092,2882.772,1416788.0,2882.772,2882.931
2025-02-16 00:00:00,2893.643,2954.975,2878.43,2936.453,969625.0,2936.453,2936.612
2025-02-23 00:00:00,2939.411,2956.199,2832.578,2858.314,1163997.0,2858.314,2858.473
2025-03-02 00:00:00,2873.556,2930.525,2858.83,2911.256,1213506.0,2911.256,2911.415
2025-03-09 00:00:00,2912.347,3004.92,2880.093,2986.37,1071792.0,2986.37,2986.529
2025-03-16 00:00:00,2987.601,3057.484,2982.158,3023.493,899750.0,3023.493,3023.652
2025-03-23 00:00:00,3023.441,3086.803,3002.438,3085.002,908719.0,3085.002,3085.161
2025-03-30 00:00:00,3092.531,3167.792,3015.556,3038.506,1896902.0,3038.506,3038.665
2025-04-06 00:00:00,3028.686,3245.436,2956.37,3237.519,2264686.0,3237.519,3237.678
2025-04-13 00:00:00,3220.46,3357.779,3193.552,3327.671,1073812.0,3327.671,3327.83
2025-04-20 00:00:00,3331.849,3500.094,3260.042,3318.798,2034233.0,3318.798,3318.957
2025-04-27 00:00:00,3325.64,3352.993,3201.862,3240.947,1486946.0,3240.947,3241.106
2025-05-04 00:00:00,3238.49,3435.016,3237.494,3326.805,1670459.0,3326.805,3326.964
2025-05-11 00:00:00,3282.255,3292.619,3120.681,3202.214,1629611.0,3202.214,3202.373
2025-05-18 00:00:00,3214.226,3365.925,3204.521,3356.306,1460905.0,3356.306,3356.465
2025-05-25 00:00:00,3352.095,3356.859,3245.432,3289.665,1215639.0,3289.665,3289.824
2025-06-01 00:00:00,3303.113,3403.592,3299.873,3311.702,1280153.0,3311.702,3311.8610000000003
2025-06-08 00:00:00,3317.818,3446.819,3293.428,3433.449,1334898.0,3433.449,3433.608
2025-06-15 00:00:00,3440.955,3451.252,3340.345,3368.546,1183213.0,3368.546,3368.7059999999997
2025-06-22 00:00:00,3384.117,3393.565,3255.836,3274.598,1136224.0,3274.598,3274.758
2025-06-29 00:00:00,3272.488,3365.748,3247.921,3335.07,853700.0,3335.07,3335.23
2025-07-06 00:00:00,3341.408,3368.749,3282.626,3355.105,939406.0,3355.105,3355.265
2025-07-13 00:00:00,3361.295,3377.55,3309.883,3350.395,908228.0,3350.395,3350.555
2025-07-20 00:00:00,3348.695,3438.98,3324.928,3336.869,885319.0,3336.869,3337.029
2025-07-27 00:00:00,3329.144,3363.566,3268.034,3363.119,992797.0,3363.119,3363.279
2025-08-03 00:00:00,3364.339,3409.019,3345.006,3398.564,1076160.0,3398.564,3398.7239999999997
2025-08-10 00:00:00,3400.578,3401.819,3329.838,3335.213,908830.0,3335.213,3335.373
2025-08-17 00:00:00,3334.569,3378.869,3311.476,3372.299,711368.0,3372.299,3372.459
2025-08-24 00:00:00,3368.744,3453.924,3351.207,3448.035,687955.0,3448.035,3448.1949999999997
2025-08-31 00:00:00,3445.866,3600.076,3437.028,3586.597,1129251.0,3586.597,3586.757
2025-09-07 00:00:00,3591.856,3674.544,3579.548,3643.484,1073799.0,3643.484,3643.644
2025-09-14 00:00:00,3644.61,3707.519,3626.541,3684.861,1077017.0,3684.861,3685.0209999999997
2025-09-21 00:00:00,3687.969,3791.089,3683.776,3761.041,1263976.0,3761.041,3761.201
2025-09-28 00:00:00,3764.718,3897.154,3763.347,3887.045,1592050.0,3887.045,3887.205
2025-10-05 00:00:00,3888.624,4059.321,3884.034,4010.399,2194818.0,4010.399,4010.5589999999997
2025-10-12 00:00:00,4014.463,4380.074,4008.645,4250.936,2965031.0,4250.936,4251.096
2025-10-19 00:00:00,4264.629,4381.547,4004.185,4113.082,3579463.0,4113.082,4113.242
2025-10-26 00:00:00,4083.572,4109.192,3886.535,4001.621,2710874.0,4001.621,4001.781
2025-11-02 00:00:00,3990.719,4030.674,3928.81,4001.422,1756440.0,4001.422,4001.582
2025-11-09 00:00:00,4004.876,4245.297,4004.067,4084.612,2103428.0,4084.612,4084.772
2025-11-16 00:00:00,4083.755,4132.686,3998.037,4066.113,2633713.0,4066.113,4066.2729999999997
2025-11-23 00:00:00,4072.469,4226.479,4039.842,4219.161,1598586.0,4219.161,4219.321
2025-11-30 00:00:00,4219.976,4264.532,4163.566,4198.522,1966315.0,4198.522,4198.682
2025-12-07 00:00:00,4202.426,4353.57,4170.094,4300.983,2060517.0,4300.983,4301.143
2025-12-14 00:00:00,4300.525,4374.645,4271.626,4339.339,1877287.0,4339.339,4339.499
2025-12-21 00:00:00,4340.979,4550.199,4339.912,4532.515,1450438.0,4532.515,4532.675
2025-12-28 00:00:00,4546.214,4548.5,4274.307,4331.759,2008339.0,4331.759,4331.919
2026-01-04 00:00:00,4353.486,4517.18,4349.829,4509.075,2072004.0,4509.075,4509.235
2026-01-11 00:00:00,4517.918,4643.189,4517.918,4596.588,2255471.0,4596.588,4596.748
2026-01-18 00:00:00,4655.358,4989.804,4653.138,4988.337,2383258.0,4988.337,4988.497
2026-01-25 00:00:00,5019.847,5595.324,4682.526,4891.496,6291807.0,4891.496,4891.656
2026-02-01 00:00:00,4793.519,5091.855,4402.001,4968.204,4080906.0,4968.204,4968.364
2026-02-08 00:00:00,4967.633,5119.173,4878.366,5042.605,1584133.0,5042.605,5042.764999999999
2026-02-15 00:00:00,5026.64,5108.043,4841.149,5105.809,1093733.0,5105.809,5105.969
2026-02-22 00:00:00,5111.637,5281.239,5093.319,5279.022,1168308.0,5279.022,5279.262
2026-03-01 00:00:00,5319.272,5419.154,4995.788,5174.067,2117914.0,5174.067,5174.307
2026-03-08 00:00:00,5178.794,5238.428,5009.525,5020.983,1268814.0,5020.983,5021.223
2026-03-15 00:00:00,5017.112,5044.488,4477.057,4497.479,2077037.0,4497.479,4497.639
2026-03-22 00:00:00,4477.751,4602.483,4098.462,4495.377,5402532.0,4495.377,4495.637000000001
2026-03-29 00:00:00,4511.704,4800.207,4418.467,4675.248,1934848.0,4675.248,4675.527999999999
2026-04-05 00:00:00,4662.786,4857.481,4600.586,4749.325,1779268.0,4749.325,4749.485
2026-04-12 00:00:00,4670.253,4889.686,4644.273,4832.939,1270759.0,4832.939,4833.219
2026-04-19 00:00:00,4774.48,4833.049,4657.574,4708.409,1378185.0,4708.409,4708.688999999999
2026-04-26 00:00:00,4696.068,4730.124,4510.084,4613.396,1306604.0,4613.396,4613.6759999999995
2026-05-03 00:00:00,4625.982,4764.737,4500.689,4715.164,1338548.0,4715.164,4715.4439999999995
2026-05-10 00:00:00,4691.841,4773.652,4511.4,4539.778,1398166.0,4539.778,4540.058
2026-05-17 00:00:00,4538.378,4589.369,4453.349,4507.822,1694620.0,4507.822,4508.102
2026-05-24 00:00:00,4545.376,4595.189,4366.232,4540.363,1264456.0,4540.363,4540.643
