trade_id,instrument,fold,entry_time_utc,entry_time_ny,exit_time_utc,exit_time_ny,day_of_week,holding_hours,direction,entry_price,sl_price,tp_price,close_price,sl_pips,rr_ratio,trade_result,r_gained,pnl,setup_quality,confluence_score,ttps_htf,ttps_entry,ttps_session,ttps_risk,ttps_total,primary_fvg_tf,primary_fvg_bottom,primary_fvg_top,swept_level,risk_amount,risk_multiplier,week_number,block_reason,bias_trend_score,bias_swing_score,bias_zone_score,bias_po3_score,bias_bull_total,bias_bear_total,bias_conviction
full-0001,XAUUSDm,full,2022-01-04 16:00:00,2022-01-04 11:00:00,2022-01-19 15:00:00,2022-01-19 10:00:00,Tuesday,359.0,BEARISH,1814.57,1832.72,1769.88,1832.72,18.1,2.46,LOSS,-1.00,-1000.00,A,9,5,4,3,2,14,H4,1802.95,1821.36,1814.90,1000.00,1.0,2022-W01,Signal confirmed,0/1,3/2,0/2,0/0,3,5,MEDIUM
full-0002,XAUUSDm,full,2022-01-13 16:00:00,2022-01-13 11:00:00,2022-01-25 14:00:00,2022-01-25 09:00:00,Thursday,286.0,BULLISH,1814.59,1796.44,1850.88,1850.88,18.1,2.00,WIN,2.00,2000.00,B,8,5,2,3,1,11,H4,1811.81,1820.05,,1000.00,1.0,2022-W02,Signal confirmed,1/0,3/0,2/0,0/0,6,0,MEDIUM
full-0003,XAUUSDm,full,2022-01-18 09:00:00,2022-01-18 04:00:00,2022-01-25 14:00:00,2022-01-25 09:00:00,Tuesday,173.0,BULLISH,1811.96,1793.84,1848.20,1848.20,18.1,2.00,WIN,2.00,2000.00,B,7,5,2,2,1,10,H4,1811.81,1820.05,,1000.00,1.0,2022-W03,Signal confirmed,0/0,3/3,2/0,0/0,5,3,MEDIUM
full-0004,XAUUSDm,full,2022-01-18 10:00:00,2022-01-18 05:00:00,2022-01-20 13:00:00,2022-01-20 08:00:00,Tuesday,51.0,BULLISH,1810.36,1792.26,1846.56,1846.56,18.1,2.00,WIN,2.00,2000.00,A,9,5,4,2,1,12,H4,1811.81,1820.05,1809.99,1000.00,0.5,2022-W03,Signal confirmed,0/0,3/3,2/0,0/0,5,3,MEDIUM
full-0005,XAUUSDm,full,2022-01-18 11:00:00,2022-01-18 06:00:00,2022-01-20 13:00:00,2022-01-20 08:00:00,Tuesday,50.0,BULLISH,1810.05,1791.95,1846.26,1846.26,18.1,2.00,WIN,2.00,2000.00,A,9,5,4,1,1,11,H4,1811.81,1820.05,1809.99,1000.00,0.5,2022-W03,Signal confirmed,0/0,3/3,2/0,0/0,5,3,MEDIUM
full-0006,XAUUSDm,full,2022-01-25 16:00:00,2022-01-25 11:00:00,2022-01-26 19:00:00,2022-01-26 14:00:00,Tuesday,27.0,BULLISH,1846.87,1828.39,1883.81,1828.39,18.5,2.00,LOSS,-1.00,-1000.00,B,8,5,4,3,2,14,H4,1819.86,1837.07,1844.07,1000.00,1.0,2022-W04,Signal confirmed,3/0,3/0,0/2,0/0,6,2,MEDIUM
full-0007,XAUUSDm,full,2022-01-27 10:00:00,2022-01-27 05:00:00,2022-02-09 17:00:00,2022-02-09 12:00:00,Thursday,319.0,BEARISH,1815.95,1834.11,1753.05,1834.11,18.2,3.46,LOSS,-1.00,-1000.00,C,6,5,2,2,4,13,H4,1822.08,1830.91,,1000.00,1.0,2022-W04,Signal confirmed,2/0,1/3,0/2,0/1,2,6,MEDIUM
full-0008,XAUUSDm,full,2022-02-15 09:00:00,2022-02-15 04:00:00,2022-02-17 16:00:00,2022-02-17 11:00:00,Tuesday,55.0,BULLISH,1861.53,1842.91,1898.78,1898.78,18.6,2.00,WIN,2.00,2000.00,B,8,5,4,2,1,12,H4,1837.02,1857.50,1858.13,1000.00,1.0,2022-W07,Signal confirmed,3/0,3/0,0/2,0/0,6,2,MEDIUM
full-0009,XAUUSDm,full,2022-02-15 10:00:00,2022-02-15 05:00:00,2022-02-17 13:00:00,2022-02-17 08:00:00,Tuesday,51.0,BULLISH,1857.63,1839.05,1894.80,1894.80,18.6,2.00,WIN,2.00,2000.00,A,9,5,4,2,1,12,H4,1837.02,1857.50,1851.33,1000.00,0.5,2022-W07,Signal confirmed,3/0,3/0,0/2,0/0,6,2,MEDIUM
full-0010,XAUUSDm,full,2022-02-15 11:00:00,2022-02-15 06:00:00,2022-02-17 09:00:00,2022-02-17 04:00:00,Tuesday,46.0,BULLISH,1854.95,1836.40,1892.04,1892.04,18.6,2.00,WIN,2.00,2000.00,B,7,5,2,1,1,9,H4,1837.02,1857.50,,1000.00,0.5,2022-W07,Signal confirmed,3/0,3/0,0/2,0/0,6,2,MEDIUM
full-0011,XAUUSDm,full,2022-02-22 08:00:00,2022-02-22 03:00:00,2022-02-23 09:00:00,2022-02-23 04:00:00,Tuesday,25.0,BULLISH,1908.55,1889.46,1946.73,1889.46,19.1,2.00,LOSS,-1.00,-1000.00,B,8,5,4,2,2,13,H4,1897.51,1907.74,1906.18,1000.00,1.0,2022-W08,Signal confirmed,3/0,3/0,0/2,0/0,6,2,MEDIUM
full-0012,XAUUSDm,full,2022-02-24 12:00:00,2022-02-24 07:00:00,2022-02-24 14:00:00,2022-02-24 09:00:00,Thursday,2.0,BULLISH,1961.51,1941.89,2000.76,1941.89,19.6,2.00,LOSS,-1.00,-1000.00,C,5,5,1,1,1,8,H1,1954.13,1961.31,,1000.00,1.0,2022-W08,Signal confirmed,3/0,3/0,0/2,0/1,5,3,MEDIUM
full-0013,XAUUSDm,full,2022-03-01 08:00:00,2022-03-01 03:00:00,2022-03-01 14:00:00,2022-03-01 09:00:00,Tuesday,6.0,BEARISH,1907.67,1926.75,1820.68,1926.75,19.1,4.56,LOSS,-1.00,-1000.00,A,9,5,3,2,4,14,H1,1899.20,1905.18,1907.91,1000.00,1.0,2022-W09,Signal confirmed,0/2,3/3,0/2,0/0,3,7,HIGH
full-0014,XAUUSDm,full,2022-03-08 08:00:00,2022-03-08 03:00:00,2022-03-08 15:00:00,2022-03-08 10:00:00,Tuesday,7.0,BULLISH,2016.09,1995.93,2056.42,2056.42,20.2,2.00,WIN,2.00,2000.00,C,5,5,1,2,1,9,H1,1994.30,2012.95,,1000.00,1.0,2022-W10,Signal confirmed,3/0,3/0,0/2,0/0,6,2,MEDIUM
full-0015,XAUUSDm,full,2022-03-08 09:00:00,2022-03-08 04:00:00,2022-03-08 15:00:00,2022-03-08 10:00:00,Tuesday,6.0,BULLISH,2008.66,1988.58,2048.84,2048.84,20.1,2.00,WIN,2.00,2000.00,B,7,5,3,2,1,11,H1,1994.30,2012.95,2001.81,1000.00,0.5,2022-W10,Signal confirmed,3/0,3/0,0/2,0/0,6,2,MEDIUM
full-0016,XAUUSDm,full,2022-03-08 10:00:00,2022-03-08 05:00:00,2022-03-08 15:00:00,2022-03-08 10:00:00,Tuesday,5.0,BULLISH,2006.22,1986.16,2046.34,2046.34,20.1,2.00,WIN,2.00,2000.00,C,5,5,1,2,2,10,H1,1994.30,2012.95,,1000.00,0.5,2022-W10,Signal confirmed,3/0,3/0,0/2,0/0,6,2,MEDIUM
full-0017,XAUUSDm,full,2022-03-15 09:00:00,2022-03-15 05:00:00,2022-03-24 11:00:00,2022-03-24 07:00:00,Tuesday,218.0,BEARISH,1934.84,1954.19,1877.77,1954.19,19.4,2.95,LOSS,-1.00,-1000.00,C,6,5,2,2,3,12,H4,1942.34,1950.20,,1000.00,1.0,2022-W11,Signal confirmed,0/1,0/2,0/2,0/0,0,5,MEDIUM
full-0018,XAUUSDm,full,2022-03-22 07:00:00,2022-03-22 03:00:00,2022-03-24 11:00:00,2022-03-24 07:00:00,Tuesday,52.0,BEARISH,1934.76,1954.11,1894.75,1954.11,19.4,2.07,LOSS,-1.00,-1000.00,A,9,5,4,2,1,12,H4,1942.34,1950.20,1935.09,1000.00,1.0,2022-W12,Signal confirmed,0/0,2/3,0/2,0/0,2,5,MEDIUM
full-0019,XAUUSDm,full,2022-03-30 07:00:00,2022-03-30 03:00:00,2022-03-31 15:00:00,2022-03-31 11:00:00,Wednesday,32.0,BEARISH,1924.08,1943.32,1844.08,1943.32,19.2,4.16,LOSS,-1.00,-1000.00,B,8,5,3,2,4,14,H1,1927.72,1933.60,1924.69,1000.00,1.0,2022-W13,Signal confirmed,0/3,0/3,2/0,0/0,2,6,MEDIUM
full-0020,XAUUSDm,full,2022-03-31 07:00:00,2022-03-31 03:00:00,2022-03-31 17:00:00,2022-03-31 13:00:00,Thursday,10.0,BEARISH,1926.46,1945.72,1844.08,1945.72,19.3,4.28,LOSS,-1.00,-1000.00,A,11,5,4,2,3,14,H4,1934.28,1941.91,1926.86,1000.00,1.0,2022-W13,Signal confirmed,1/2,3/3,0/2,0/0,4,7,HIGH
full-0021,XAUUSDm,full,2022-04-05 07:00:00,2022-04-05 03:00:00,2022-04-11 08:00:00,2022-04-11 04:00:00,Tuesday,145.0,BEARISH,1932.65,1951.98,1888.67,1951.98,19.3,2.28,LOSS,-1.00,-1000.00,A,9,5,4,2,1,12,H4,1934.28,1941.91,1932.89,1000.00,1.0,2022-W14,Signal confirmed,0/0,3/3,0/2,0/0,3,5,MEDIUM
full-0022,XAUUSDm,full,2022-04-06 09:00:00,2022-04-06 05:00:00,2022-04-08 14:00:00,2022-04-08 10:00:00,Wednesday,53.0,BEARISH,1926.22,1945.48,1877.77,1945.48,19.3,2.52,LOSS,-1.00,-1000.00,A,9,5,4,2,3,14,H4,1934.28,1941.91,1926.22,1000.00,1.0,2022-W14,Signal confirmed,0/3,3/3,0/2,0/0,3,8,HIGH
full-0023,XAUUSDm,full,2022-04-07 08:00:00,2022-04-07 04:00:00,2022-04-08 14:00:00,2022-04-08 10:00:00,Thursday,30.0,BEARISH,1925.48,1944.73,1877.77,1944.73,19.2,2.48,LOSS,-1.00,-1000.00,A,10,5,4,2,2,13,H4,1934.28,1941.91,1925.52,1000.00,0.5,2022-W14,Signal confirmed,1/2,3/3,0/2,0/0,4,7,HIGH
full-0024,XAUUSDm,full,2022-04-19 07:00:00,2022-04-19 03:00:00,2022-04-19 14:00:00,2022-04-19 10:00:00,Tuesday,7.0,BULLISH,1974.37,1954.63,2070.29,1954.63,19.7,4.86,LOSS,-1.00,-1000.00,A,9,5,4,2,3,14,H4,1957.26,1964.70,1974.21,1000.00,1.0,2022-W16,Signal confirmed,3/0,3/1,0/2,0/0,6,3,MEDIUM
full-0025,XAUUSDm,full,2022-04-20 10:00:00,2022-04-20 06:00:00,2022-04-27 08:00:00,2022-04-27 04:00:00,Wednesday,166.0,BEARISH,1948.71,1968.20,1889.78,1889.78,19.5,3.02,WIN,3.02,3020.00,A,9,5,4,1,3,13,H4,1958.21,1974.71,1949.88,1000.00,1.0,2022-W16,Signal confirmed,2/1,2/2,0/2,0/1,3,6,MEDIUM
full-0026,XAUUSDm,full,2022-04-20 11:00:00,2022-04-20 07:00:00,2022-04-27 08:00:00,2022-04-27 04:00:00,Wednesday,165.0,BEARISH,1953.12,1972.65,1889.78,1889.78,19.5,3.24,WIN,3.24,3240.00,B,7,5,2,1,3,11,H4,1958.21,1974.71,,1000.00,0.5,2022-W16,Signal confirmed,2/1,2/2,0/2,0/1,3,6,MEDIUM
full-0027,XAUUSDm,full,2022-05-03 07:00:00,2022-05-03 03:00:00,2022-05-03 14:00:00,2022-05-03 10:00:00,Tuesday,7.0,BEARISH,1858.93,1877.52,1821.75,1877.52,18.6,2.00,LOSS,-1.00,-1000.00,B,7,5,3,2,1,11,H1,1864.39,1875.79,1859.81,1000.00,1.0,2022-W18,Signal confirmed,0/3,0/3,2/0,0/0,2,6,MEDIUM
full-0028,XAUUSDm,full,2022-05-05 07:00:00,2022-05-05 03:00:00,2022-05-05 15:00:00,2022-05-05 11:00:00,Thursday,8.0,BULLISH,1897.48,1878.51,1992.32,1878.51,19.0,5.00,LOSS,-1.00,-1000.00,B,8,5,3,2,4,14,H1,1883.80,1893.03,1895.89,1000.00,1.0,2022-W18,Signal confirmed,0/2,3/2,2/0,1/0,6,3,MEDIUM
full-0029,XAUUSDm,full,2022-05-17 07:00:00,2022-05-17 03:00:00,2022-05-19 15:00:00,2022-05-19 11:00:00,Tuesday,56.0,BEARISH,1830.21,1848.51,1786.38,1848.51,18.3,2.40,LOSS,-1.00,-1000.00,B,7,5,2,2,1,10,H4,1823.92,1833.20,,1000.00,1.0,2022-W20,Signal confirmed,0/2,0/3,2/0,0/0,2,5,MEDIUM
full-0030,XAUUSDm,full,2022-05-18 15:00:00,2022-05-18 11:00:00,2022-05-19 11:00:00,2022-05-19 07:00:00,Wednesday,20.0,BEARISH,1814.12,1832.27,1777.84,1832.27,18.1,2.00,LOSS,-1.00,-1000.00,B,8,5,4,3,2,14,H4,1823.92,1833.20,1815.12,1000.00,1.0,2022-W20,Signal confirmed,0/3,0/3,2/0,1/0,3,5,MEDIUM
full-0031,XAUUSDm,full,2022-05-19 12:00:00,2022-05-19 08:00:00,2022-06-13 22:00:00,2022-06-13 18:00:00,Thursday,610.0,BULLISH,1830.45,1812.15,1909.55,1812.15,18.3,4.32,LOSS,-1.00,-1000.00,B,8,5,3,1,4,13,H1,1815.85,1821.37,1829.71,1000.00,0.5,2022-W20,Signal confirmed,0/2,2/2,2/0,1/0,5,3,MEDIUM
full-0032,XAUUSDm,full,2022-05-25 14:00:00,2022-05-25 10:00:00,2022-06-01 05:00:00,2022-06-01 01:00:00,Wednesday,159.0,BULLISH,1849.44,1830.95,1941.91,1830.95,18.5,5.00,LOSS,-1.00,-1000.00,A,9,5,4,3,3,15,H4,1832.35,1839.90,1849.35,1000.00,1.0,2022-W21,Signal confirmed,0/0,3/0,2/0,0/0,5,0,MEDIUM
full-0033,XAUUSDm,full,2022-05-26 07:00:00,2022-05-26 03:00:00,2022-06-10 12:00:00,2022-06-10 08:00:00,Thursday,365.0,BULLISH,1846.85,1828.38,1939.18,1828.38,18.5,5.00,LOSS,-1.00,-1000.00,A,10,5,4,2,3,14,H4,1832.35,1839.90,1845.54,1000.00,1.0,2022-W21,Signal confirmed,2/1,3/2,2/0,0/0,7,3,HIGH
full-0034,XAUUSDm,full,2022-06-01 07:00:00,2022-06-01 03:00:00,2022-06-13 22:00:00,2022-06-13 18:00:00,Wednesday,303.0,BULLISH,1833.61,1815.27,1925.29,1815.27,18.3,5.00,LOSS,-1.00,-1000.00,B,8,5,2,2,3,12,H4,1832.35,1839.90,,1000.00,1.0,2022-W22,Signal confirmed,2/0,2/3,2/0,0/0,6,3,MEDIUM
full-0035,XAUUSDm,full,2022-06-02 07:00:00,2022-06-02 03:00:00,2022-06-10 12:00:00,2022-06-10 08:00:00,Thursday,197.0,BULLISH,1851.91,1833.39,1944.53,1833.39,18.5,5.00,LOSS,-1.00,-1000.00,B,8,5,4,2,4,15,H4,1837.12,1844.69,1851.57,1000.00,1.0,2022-W22,Signal confirmed,2/1,2/3,2/0,0/0,6,4,MEDIUM
full-0036,XAUUSDm,full,2022-06-07 12:00:00,2022-06-07 08:00:00,2022-06-10 12:00:00,2022-06-10 08:00:00,Tuesday,72.0,BULLISH,1847.24,1828.77,1919.76,1828.77,18.5,3.93,LOSS,-1.00,-1000.00,A,10,5,4,1,3,13,H4,1837.12,1844.69,1846.65,1000.00,1.0,2022-W23,Signal confirmed,0/0,3/3,2/0,0/0,5,3,MEDIUM
full-0037,XAUUSDm,full,2022-06-09 07:00:00,2022-06-09 03:00:00,2022-06-10 12:00:00,2022-06-10 08:00:00,Thursday,29.0,BULLISH,1850.51,1832.00,1919.76,1832.00,18.5,3.74,LOSS,-1.00,-1000.00,A,10,5,4,2,3,14,H4,1837.12,1844.69,1850.28,1000.00,1.0,2022-W23,Signal confirmed,1/0,3/3,2/0,0/0,6,3,MEDIUM
full-0038,XAUUSDm,full,2022-06-16 07:00:00,2022-06-16 03:00:00,2022-06-29 09:00:00,2022-06-29 05:00:00,Thursday,314.0,BULLISH,1830.15,1811.85,1878.83,1811.85,18.3,2.66,LOSS,-1.00,-1000.00,B,8,5,3,2,3,13,H1,1821.99,1830.52,1829.77,1000.00,1.0,2022-W24,Signal confirmed,1/0,2/3,2/0,1/0,6,2,MEDIUM
full-0039,XAUUSDm,full,2022-06-23 07:00:00,2022-06-23 03:00:00,2022-07-01 11:00:00,2022-07-01 07:00:00,Thursday,196.0,BEARISH,1835.44,1853.79,1786.38,1786.38,18.4,2.67,WIN,2.67,2670.00,A,9,5,4,2,2,13,H4,1833.54,1852.67,1835.42,1000.00,1.0,2022-W25,Signal confirmed,0/2,1/3,2/0,0/0,3,5,MEDIUM
full-0040,XAUUSDm,full,2022-06-23 12:00:00,2022-06-23 08:00:00,2022-07-01 11:00:00,2022-07-01 07:00:00,Thursday,191.0,BEARISH,1829.33,1847.62,1786.38,1786.38,18.3,2.35,WIN,2.35,2350.00,B,8,5,4,1,2,12,H4,1833.54,1852.67,1829.66,1000.00,0.5,2022-W25,Signal confirmed,0/3,1/3,2/0,0/0,3,6,MEDIUM
full-0041,XAUUSDm,full,2022-06-23 13:00:00,2022-06-23 09:00:00,2022-07-01 11:00:00,2022-07-01 07:00:00,Thursday,190.0,BEARISH,1833.95,1852.29,1786.38,1786.38,18.3,2.59,WIN,2.59,2590.00,A,9,5,4,3,2,14,H4,1833.54,1852.67,1833.99,1000.00,0.5,2022-W25,Signal confirmed,0/3,1/3,2/0,0/0,3,6,MEDIUM
full-0042,XAUUSDm,full,2022-06-28 07:00:00,2022-06-28 03:00:00,2022-06-30 11:00:00,2022-06-30 07:00:00,Tuesday,52.0,BULLISH,1827.03,1808.76,1878.83,1808.76,18.3,2.84,LOSS,-1.00,-1000.00,A,10,5,3,2,2,12,H1,1821.99,1830.52,1827.03,1000.00,1.0,2022-W26,Signal confirmed,3/0,2/3,2/0,0/0,7,3,HIGH
full-0043,XAUUSDm,full,2022-07-06 08:00:00,2022-07-06 04:00:00,2022-07-06 16:00:00,2022-07-06 12:00:00,Wednesday,8.0,BEARISH,1767.81,1785.49,1732.44,1732.44,17.7,2.00,WIN,2.00,2000.00,B,8,5,4,2,1,12,H4,1771.27,1797.45,1770.15,1000.00,1.0,2022-W27,Signal confirmed,0/3,0/3,2/0,1/0,3,5,MEDIUM
full-0044,XAUUSDm,full,2022-07-06 09:00:00,2022-07-06 05:00:00,2022-07-12 01:00:00,2022-07-11 21:00:00,Wednesday,136.0,BEARISH,1766.15,1783.81,1730.82,1730.82,17.7,2.00,WIN,2.00,2000.00,B,8,5,4,2,1,12,H4,1771.27,1797.45,1770.15,1000.00,0.5,2022-W27,Signal confirmed,0/3,0/3,2/0,1/0,3,5,MEDIUM
full-0045,XAUUSDm,full,2022-07-06 10:00:00,2022-07-06 06:00:00,2022-07-12 01:00:00,2022-07-11 21:00:00,Wednesday,135.0,BEARISH,1763.98,1781.62,1728.69,1728.69,17.6,2.00,WIN,2.00,2000.00,B,8,5,4,1,1,11,H4,1771.27,1797.45,1764.02,1000.00,0.5,2022-W27,Signal confirmed,0/3,0/3,2/0,1/0,3,5,MEDIUM
full-0046,XAUUSDm,full,2022-07-21 07:00:00,2022-07-21 03:00:00,2022-07-21 12:00:00,2022-07-21 08:00:00,Thursday,5.0,BEARISH,1689.43,1706.32,1655.64,1706.32,16.9,2.00,LOSS,-1.00,-1000.00,B,8,5,4,2,1,12,H4,1697.32,1706.27,1689.79,1000.00,1.0,2022-W29,Signal confirmed,0/3,0/3,2/0,1/0,3,5,MEDIUM
full-0047,XAUUSDm,full,2022-08-03 07:00:00,2022-08-03 03:00:00,2022-08-19 10:00:00,2022-08-19 06:00:00,Wednesday,387.0,BULLISH,1767.72,1750.04,1846.95,1750.04,17.7,4.48,LOSS,-1.00,-1000.00,B,8,5,3,2,3,13,H1,1755.37,1760.58,1767.64,1000.00,1.0,2022-W31,Signal confirmed,2/0,3/0,2/0,0/1,6,1,MEDIUM
full-0048,XAUUSDm,full,2022-08-16 07:00:00,2022-08-16 03:00:00,2022-08-22 08:00:00,2022-08-22 04:00:00,Tuesday,145.0,BEARISH,1780.51,1798.32,1732.52,1732.52,17.8,2.69,WIN,2.69,2690.00,A,9,5,4,2,3,14,H4,1788.12,1793.92,1781.42,1000.00,1.0,2022-W33,Signal confirmed,0/0,2/3,0/2,0/0,2,5,MEDIUM
full-0049,XAUUSDm,full,2022-08-24 08:00:00,2022-08-24 04:00:00,2022-08-29 01:00:00,2022-08-28 21:00:00,Wednesday,113.0,BULLISH,1747.88,1730.40,1807.83,1730.40,17.5,3.43,LOSS,-1.00,-1000.00,B,8,5,3,2,4,14,H1,1738.30,1747.11,1747.88,1000.00,1.0,2022-W34,Signal confirmed,1/2,2/3,2/0,1/0,6,4,MEDIUM
full-0050,XAUUSDm,full,2022-08-25 14:00:00,2022-08-25 10:00:00,2022-08-26 15:00:00,2022-08-26 11:00:00,Thursday,25.0,BULLISH,1753.38,1735.85,1807.83,1735.85,17.5,3.11,LOSS,-1.00,-1000.00,B,8,5,3,3,3,14,H1,1738.30,1747.11,1753.38,1000.00,1.0,2022-W34,Signal confirmed,1/2,2/2,2/0,1/0,6,3,MEDIUM
full-0051,XAUUSDm,full,2022-08-31 10:00:00,2022-08-31 06:00:00,2022-09-09 07:00:00,2022-09-09 03:00:00,Wednesday,213.0,BEARISH,1711.01,1728.12,1676.78,1728.12,17.1,2.00,LOSS,-1.00,-1000.00,B,7,5,3,1,2,11,H1,1714.37,1719.40,1713.41,1000.00,1.0,2022-W35,Signal confirmed,0/3,0/3,2/0,1/0,3,5,MEDIUM
full-0052,XAUUSDm,full,2022-09-01 07:00:00,2022-09-01 03:00:00,2022-09-06 00:00:00,2022-09-05 20:00:00,Thursday,113.0,BEARISH,1706.93,1724.00,1672.78,1724.00,17.1,2.00,LOSS,-1.00,-1000.00,B,7,5,3,2,2,12,H1,1714.37,1719.40,1707.36,1000.00,1.0,2022-W35,Signal confirmed,0/3,0/3,2/0,1/0,3,5,MEDIUM
full-0053,XAUUSDm,full,2022-09-06 07:00:00,2022-09-06 03:00:00,2022-09-15 07:00:00,2022-09-15 03:00:00,Tuesday,216.0,BEARISH,1720.11,1737.31,1685.72,1685.72,17.2,2.00,WIN,2.00,2000.00,B,8,5,3,2,1,11,H1,1714.37,1719.40,1720.86,1000.00,1.0,2022-W36,Signal confirmed,0/3,2/3,2/0,0/0,4,6,MEDIUM
full-0054,XAUUSDm,full,2022-09-08 08:00:00,2022-09-08 04:00:00,2022-09-13 13:00:00,2022-09-13 09:00:00,Thursday,125.0,BULLISH,1717.61,1700.43,1766.67,1700.43,17.2,2.86,LOSS,-1.00,-1000.00,B,8,5,3,2,3,13,H1,1704.37,1709.46,1716.82,1000.00,0.5,2022-W36,Signal confirmed,0/0,2/3,2/0,1/0,5,2,MEDIUM
full-0055,XAUUSDm,full,2022-09-13 07:00:00,2022-09-13 03:00:00,2022-09-13 12:00:00,2022-09-13 08:00:00,Tuesday,5.0,BULLISH,1722.95,1705.72,1766.67,1705.72,17.2,2.54,LOSS,-1.00,-1000.00,A,9,5,4,2,2,13,H4,1710.89,1718.18,1721.76,1000.00,1.0,2022-W37,Signal confirmed,3/0,3/3,2/0,0/0,8,3,HIGH
full-0056,XAUUSDm,full,2022-09-14 07:00:00,2022-09-14 03:00:00,2022-09-15 11:00:00,2022-09-15 07:00:00,Wednesday,28.0,BULLISH,1700.84,1683.83,1745.41,1683.83,17.0,2.62,LOSS,-1.00,-1000.00,A,9,5,3,2,2,12,H1,1704.37,1709.46,1700.86,1000.00,1.0,2022-W37,Signal confirmed,2/0,1/3,2/0,0/0,5,3,MEDIUM
full-0057,XAUUSDm,full,2022-09-21 07:00:00,2022-09-21 03:00:00,2022-09-21 18:00:00,2022-09-21 14:00:00,Wednesday,11.0,BULLISH,1671.35,1654.64,1735.08,1654.64,16.7,3.81,LOSS,-1.00,-1000.00,B,8,5,3,2,3,13,H1,1665.54,1673.31,1670.61,1000.00,1.0,2022-W38,Signal confirmed,3/0,1/3,2/0,1/0,7,2,HIGH
full-0058,XAUUSDm,full,2022-09-22 10:00:00,2022-09-22 06:00:00,2022-09-23 10:00:00,2022-09-23 06:00:00,Thursday,24.0,BULLISH,1666.55,1649.88,1735.08,1649.88,16.7,4.11,LOSS,-1.00,-1000.00,C,6,5,3,1,3,12,H1,1661.23,1666.36,1666.54,1000.00,1.0,2022-W38,Signal confirmed,2/0,0/3,2/0,1/0,5,2,MEDIUM
full-0059,XAUUSDm,full,2022-09-27 07:00:00,2022-09-27 03:00:00,2022-09-28 13:00:00,2022-09-28 09:00:00,Tuesday,30.0,BEARISH,1635.50,1651.86,1602.79,1651.86,16.4,2.00,LOSS,-1.00,-1000.00,C,6,5,2,2,2,11,H4,1628.65,1634.08,,1000.00,1.0,2022-W39,Signal confirmed,0/3,0/3,2/0,0/0,2,6,MEDIUM
full-0060,XAUUSDm,full,2022-09-28 12:00:00,2022-09-28 08:00:00,2022-09-28 13:00:00,2022-09-28 09:00:00,Wednesday,1.0,BEARISH,1624.40,1640.64,1591.93,1640.64,16.2,2.00,LOSS,-1.00,-1000.00,B,8,5,4,1,2,12,H4,1628.65,1634.08,1625.32,1000.00,1.0,2022-W39,Signal confirmed,0/3,0/3,2/0,1/0,3,5,MEDIUM
full-0061,XAUUSDm,full,2022-09-29 07:00:00,2022-09-29 03:00:00,2022-10-19 12:00:00,2022-10-19 08:00:00,Thursday,485.0,BULLISH,1647.22,1630.75,1729.56,1630.75,16.5,5.00,LOSS,-1.00,-1000.00,A,9,5,4,2,4,15,H4,1631.56,1655.21,1647.07,1000.00,0.5,2022-W39,Signal confirmed,0/2,3/2,2/0,1/0,6,3,MEDIUM
full-0062,XAUUSDm,full,2022-10-05 07:00:00,2022-10-05 03:00:00,2022-10-05 09:00:00,2022-10-05 05:00:00,Wednesday,2.0,BULLISH,1724.34,1707.10,1765.44,1707.10,17.2,2.38,LOSS,-1.00,-1000.00,B,8,5,4,2,2,13,H4,1712.25,1719.98,1718.91,1000.00,1.0,2022-W40,Signal confirmed,3/0,3/0,0/2,0/1,5,3,MEDIUM
full-0063,XAUUSDm,full,2022-10-11 07:00:00,2022-10-11 03:00:00,2022-10-13 12:00:00,2022-10-13 08:00:00,Tuesday,53.0,BULLISH,1666.39,1649.73,1729.47,1649.73,16.7,3.79,LOSS,-1.00,-1000.00,B,7,5,2,2,3,12,H4,1666.83,1687.26,,1000.00,1.0,2022-W41,Signal confirmed,2/1,2/3,2/0,0/0,6,4,MEDIUM
full-0064,XAUUSDm,full,2022-10-12 07:00:00,2022-10-12 03:00:00,2022-10-13 12:00:00,2022-10-13 08:00:00,Wednesday,29.0,BULLISH,1672.09,1655.37,1729.47,1655.37,16.7,3.43,LOSS,-1.00,-1000.00,B,8,5,4,2,3,14,H4,1666.83,1687.26,1671.88,1000.00,1.0,2022-W41,Signal confirmed,2/0,2/3,2/0,0/0,6,3,MEDIUM
full-0065,XAUUSDm,full,2022-10-13 07:00:00,2022-10-13 03:00:00,2022-10-13 12:00:00,2022-10-13 08:00:00,Thursday,5.0,BULLISH,1667.55,1650.87,1729.47,1650.87,16.7,3.71,LOSS,-1.00,-1000.00,B,8,5,4,2,3,14,H4,1666.83,1687.26,1667.56,1000.00,0.5,2022-W41,Signal confirmed,1/0,3/3,2/0,0/0,6,3,MEDIUM
full-0066,XAUUSDm,full,2022-10-18 07:00:00,2022-10-18 03:00:00,2022-10-26 08:00:00,2022-10-26 04:00:00,Tuesday,193.0,BEARISH,1655.07,1671.62,1614.43,1671.62,16.6,2.46,LOSS,-1.00,-1000.00,B,7,5,2,2,2,11,H4,1651.47,1657.03,,1000.00,1.0,2022-W42,Signal confirmed,0/2,0/3,2/0,0/0,2,5,MEDIUM
full-0067,XAUUSDm,full,2022-10-19 08:00:00,2022-10-19 04:00:00,2022-10-23 22:00:00,2022-10-23 18:00:00,Wednesday,110.0,BEARISH,1644.77,1661.22,1611.88,1661.22,16.4,2.00,LOSS,-1.00,-1000.00,B,8,5,4,2,2,13,H4,1651.47,1657.03,1646.20,1000.00,1.0,2022-W42,Signal confirmed,0/3,0/3,2/0,1/0,3,5,MEDIUM
full-0068,XAUUSDm,full,2022-10-20 15:00:00,2022-10-20 11:00:00,2022-10-23 22:00:00,2022-10-23 18:00:00,Thursday,79.0,BEARISH,1644.80,1661.25,1611.89,1661.25,16.4,2.00,LOSS,-1.00,-1000.00,B,8,5,4,3,1,13,H4,1651.47,1657.03,1646.20,1000.00,0.5,2022-W42,Signal confirmed,0/3,0/3,2/0,1/0,3,5,MEDIUM
full-0069,XAUUSDm,full,2022-10-25 08:00:00,2022-10-25 04:00:00,2022-11-03 07:00:00,2022-11-03 03:00:00,Tuesday,215.0,BULLISH,1645.15,1628.70,1727.42,1628.70,16.4,5.00,LOSS,-1.00,-1000.00,A,10,5,4,2,3,14,H4,1628.00,1647.34,1644.97,1000.00,1.0,2022-W43,Signal confirmed,1/0,2/3,2/0,0/0,5,3,MEDIUM
full-0070,XAUUSDm,full,2022-10-26 12:00:00,2022-10-26 08:00:00,2022-10-28 07:00:00,2022-10-28 03:00:00,Wednesday,43.0,BULLISH,1668.19,1651.51,1735.08,1651.51,16.7,4.01,LOSS,-1.00,-1000.00,C,6,5,2,1,4,12,H4,1657.58,1666.64,,1000.00,1.0,2022-W43,Signal confirmed,1/0,2/2,2/0,0/0,5,2,MEDIUM
full-0071,XAUUSDm,full,2022-10-27 07:00:00,2022-10-27 03:00:00,2022-10-28 12:00:00,2022-10-28 08:00:00,Thursday,29.0,BULLISH,1660.59,1643.98,1735.08,1643.98,16.6,4.49,LOSS,-1.00,-1000.00,A,9,5,4,2,3,14,H4,1657.58,1666.64,1658.49,1000.00,0.5,2022-W43,Signal confirmed,3/0,3/2,2/0,0/0,8,2,HIGH
full-0072,XAUUSDm,full,2022-11-02 07:00:00,2022-11-02 03:00:00,2022-11-02 20:00:00,2022-11-02 16:00:00,Wednesday,13.0,BULLISH,1651.23,1634.72,1729.47,1634.72,16.5,4.74,LOSS,-1.00,-1000.00,A,9,5,4,2,4,15,H4,1639.95,1645.21,1650.94,1000.00,1.0,2022-W44,Signal confirmed,1/0,3/2,2/0,0/0,6,2,MEDIUM
full-0073,XAUUSDm,full,2022-11-08 08:00:00,2022-11-08 03:00:00,2022-11-10 13:00:00,2022-11-10 08:00:00,Tuesday,53.0,BULLISH,1670.33,1653.63,1729.47,1729.47,16.7,3.54,WIN,3.54,3540.00,A,9,5,4,2,3,14,H4,1653.42,1667.70,1667.28,1000.00,1.0,2022-W45,Signal confirmed,0/0,3/0,2/0,0/0,5,0,MEDIUM
full-0074,XAUUSDm,full,2022-11-08 09:00:00,2022-11-08 04:00:00,2022-11-10 13:00:00,2022-11-10 08:00:00,Tuesday,52.0,BULLISH,1666.88,1650.21,1729.47,1729.47,16.7,3.75,WIN,3.75,3750.00,A,9,5,4,2,3,14,H4,1653.42,1667.70,1666.85,1000.00,0.5,2022-W45,Signal confirmed,0/0,3/0,2/0,0/0,5,0,MEDIUM
full-0075,XAUUSDm,full,2022-11-08 10:00:00,2022-11-08 05:00:00,2022-11-10 13:00:00,2022-11-10 08:00:00,Tuesday,51.0,BULLISH,1671.50,1654.79,1729.47,1729.47,16.7,3.47,WIN,3.47,3470.00,A,9,5,4,2,3,14,H4,1653.42,1667.70,1671.42,1000.00,0.5,2022-W45,Signal confirmed,0/0,3/0,2/0,0/0,5,0,MEDIUM
full-0076,XAUUSDm,full,2022-12-06 08:00:00,2022-12-06 03:00:00,2022-12-07 18:00:00,2022-12-07 13:00:00,Tuesday,34.0,BEARISH,1771.54,1789.26,1682.93,1789.26,17.7,5.00,LOSS,-1.00,-1000.00,B,7,5,2,2,3,12,H4,1779.37,1793.25,,1000.00,1.0,2022-W49,Signal confirmed,0/1,2/2,0/2,0/0,2,5,MEDIUM
full-0077,XAUUSDm,full,2022-12-15 16:00:00,2022-12-15 11:00:00,2022-12-19 03:00:00,2022-12-18 22:00:00,Thursday,83.0,BEARISH,1778.93,1796.72,1739.60,1796.72,17.8,2.21,LOSS,-1.00,-1000.00,B,7,5,3,3,2,13,H1,1780.83,1787.51,1781.82,1000.00,1.0,2022-W50,Signal confirmed,2/0,2/2,0/2,0/1,3,5,MEDIUM
full-0078,XAUUSDm,full,2022-12-20 08:00:00,2022-12-20 03:00:00,2022-12-20 14:00:00,2022-12-20 09:00:00,Tuesday,6.0,BEARISH,1794.04,1811.98,1746.72,1811.98,17.9,2.64,LOSS,-1.00,-1000.00,A,9,5,4,2,2,13,H4,1796.39,1804.19,1794.86,1000.00,1.0,2022-W51,Signal confirmed,0/0,3/3,0/2,0/0,3,5,MEDIUM
full-0079,XAUUSDm,full,2022-12-22 08:00:00,2022-12-22 03:00:00,2022-12-22 15:00:00,2022-12-22 10:00:00,Thursday,7.0,BULLISH,1816.91,1798.74,1853.24,1798.74,18.2,2.00,LOSS,-1.00,-1000.00,B,8,5,3,2,2,12,H1,1806.19,1812.45,1814.41,1000.00,1.0,2022-W51,Signal confirmed,3/0,3/0,0/2,0/1,5,3,MEDIUM
full-0080,XAUUSDm,full,2022-12-27 08:00:00,2022-12-27 03:00:00,2022-12-27 15:00:00,2022-12-27 10:00:00,Tuesday,7.0,BEARISH,1805.60,1823.66,1746.72,1823.66,18.1,3.26,LOSS,-1.00,-1000.00,A,10,5,4,2,3,14,H4,1797.46,1813.73,1807.09,1000.00,1.0,2022-W52,Signal confirmed,0/0,2/3,0/2,0/0,2,5,MEDIUM
